,geoName,geoCode,Cameron Boyce,country_code
0,Bjelovar-Bilogora County,HR-07,41,HR
1,Brod-Posavina County,HR-12,42,HR
2,City of Zagreb,HR-21,20,HR
3,Dubrovnik-Neretva County,HR-19,34,HR
4,Istria County,HR-18,60,HR
5,Karlovac County,HR-04,37,HR
6,Koprivnica-Križevci County,HR-06,48,HR
7,Krapina-Zagorje County,HR-02,37,HR
8,Lika-Senj County,HR-09,45,HR
9,Međimurje County,HR-20,57,HR
10,Osijek-Baranja County,HR-14,36,HR
11,Požega-Slavonia County,HR-11,40,HR
12,Primorje-Gorski Kotar County,HR-08,48,HR
13,Sisak-Moslavina County,HR-03,39,HR
14,Split-Dalmatia County,HR-17,56,HR
15,Varaždin County,HR-05,12,HR
16,Virovitica-Podravina County,HR-10,71,HR
17,Vukovar-Srijem County,HR-16,36,HR
18,Zadar County,HR-13,95,HR
19,Zagreb County,HR-01,22,HR
20,Šibenik-Knin County,HR-15,100,HR
