,geoName,geoCode,Cameron Boyce,country_code
0,Central Bohemian Region,CZ-ST,70,CZ
1,Hradec Králové Region,CZ-KR,89,CZ
2,Karlovy Vary Region,CZ-KA,92,CZ
3,Liberec Region,CZ-LI,84,CZ
4,Moravian-Silesian Region,CZ-MO,72,CZ
5,Olomouc Region,CZ-OL,53,CZ
6,Pardubice Region,CZ-PA,67,CZ
7,Plzeň Region,CZ-PL,100,CZ
8,Prague,CZ-PR,36,CZ
9,South Bohemian Region,CZ-JC,49,CZ
10,South Moravian Region,CZ-JM,62,CZ
11,Vysocina Region,CZ-VY,62,CZ
12,Zlin Region,CZ-ZL,55,CZ
13,Ústí nad Labem Region,CZ-US,100,CZ
