,geoName,geoCode,Cameron Boyce,country_code
0,Central Finland,FI-08,54,FI
1,Kymenlaakso,FI-09,41,FI
2,Lapland,FI-10,45,FI
3,North Karelia,FI-13,19,FI
4,Northern Ostrobothnia,FI-14,43,FI
5,Northern Savonia,FI-15,33,FI
6,Ostrobothnia,FI-12,74,FI
7,Pirkanmaa,FI-11,31,FI
8,Päijänne Tavastia,FI-16,43,FI
9,Satakunta,FI-17,60,FI
10,South Karelia,FI-02,93,FI
11,Southern Ostrobothnia,FI-03,62,FI
12,Southern Savonia,FI-04,54,FI
13,Southwest Finland,FI-19,68,FI
14,Tavastia Proper,FI-06,100,FI
15,Uusimaa,FI-18,45,FI
