,geoName,geoCode,Cameron Boyce
0,Argentina,AR,68
1,Australia,AU,28
2,Austria,AT,22
3,Belgium,BE,19
4,Bolivia,BO,64
5,Brazil,BR,21
6,Bulgaria,BG,29
7,Canada,CA,31
8,Chile,CL,57
9,Colombia,CO,61
10,Costa Rica,CR,75
11,Croatia,HR,22
12,Czechia,CZ,28
13,Denmark,DK,28
14,Dominican Republic,DO,59
15,Ecuador,EC,59
16,El Salvador,SV,75
17,Finland,FI,12
18,France,FR,19
19,Germany,DE,21
20,Greece,GR,21
21,Guatemala,GT,66
22,Honduras,HN,77
23,Hungary,HU,42
24,India,IN,1
25,Indonesia,ID,1
26,Ireland,IE,29
27,Italy,IT,21
28,Jamaica,JM,87
29,Malaysia,MY,8
30,Mexico,MX,63
31,Netherlands,NL,17
32,New Zealand,NZ,29
33,Nicaragua,NI,100
34,Nigeria,NG,14
35,Norway,NO,29
36,Panama,PA,57
37,Paraguay,PY,85
38,Peru,PE,49
39,Philippines,PH,12
40,Poland,PL,19
41,Portugal,PT,47
42,Puerto Rico,PR,54
43,Romania,RO,47
44,Serbia,RS,15
45,Singapore,SG,14
46,Slovakia,SK,28
47,South Africa,ZA,36
48,Spain,ES,49
49,Sweden,SE,24
50,Switzerland,CH,17
51,Turkey,TR,5
52,United Arab Emirates,AE,10
53,United Kingdom,GB,22
54,United States,US,50
55,Uruguay,UY,64
56,Venezuela,VE,85
