,geoName,geoCode,Cameron Boyce,country_code
0,Federal District,BR-DF,55,BR
1,State of Acre,BR-AC,71,BR
2,State of Alagoas,BR-AL,45,BR
3,State of Amapá,BR-AP,57,BR
4,State of Amazonas,BR-AM,100,BR
5,State of Bahia,BR-BA,51,BR
6,State of Ceará,BR-CE,57,BR
7,State of Espírito Santo,BR-ES,61,BR
8,State of Goiás,BR-GO,57,BR
9,State of Maranhão,BR-MA,81,BR
10,State of Mato Grosso,BR-MT,69,BR
11,State of Mato Grosso do Sul,BR-MS,74,BR
12,State of Minas Gerais,BR-MG,57,BR
13,State of Paraná,BR-PR,64,BR
14,State of Paraíba,BR-PB,48,BR
15,State of Pará,BR-PA,61,BR
16,State of Pernambuco,BR-PE,55,BR
17,State of Piauí,BR-PI,54,BR
18,State of Rio Grande do Norte,BR-RN,49,BR
19,State of Rio Grande do Sul,BR-RS,63,BR
20,State of Rio de Janeiro,BR-RJ,69,BR
21,State of Rondônia,BR-RO,63,BR
22,State of Roraima,BR-RR,98,BR
23,State of Santa Catarina,BR-SC,53,BR
24,State of Sergipe,BR-SE,44,BR
25,State of São Paulo,BR-SP,62,BR
26,State of Tocantins,BR-TO,45,BR
