,geoName,geoCode,Cameron Boyce,country_code
0,Alta Verapaz,GT-AV,32,GT
1,Baja Verapaz Department,GT-BV,72,GT
2,Chimaltenango Department,GT-CM,41,GT
3,Chiquimula Department,GT-CQ,52,GT
4,El Progreso Department,GT-PR,100,GT
5,Escuintla,GT-ES,44,GT
6,Guatemala Department,GT-GU,41,GT
7,Huehuetenango Department,GT-HU,15,GT
8,Izabal Department,GT-IZ,17,GT
9,Jalapa Department,GT-JA,35,GT
10,Jutiapa Department,GT-JU,70,GT
11,Petén Department,GT-PE,26,GT
12,Quetzaltenango Department,GT-QZ,33,GT
13,Quiché Department,GT-QC,57,GT
14,Retalhuleu Department,GT-RE,20,GT
15,Sacatepequez,GT-SA,32,GT
16,San Marcos Department,GT-SM,40,GT
17,Santa Rosa Department,GT-SR,70,GT
18,Sololá Department,GT-SO,35,GT
19,Suchitepequez,GT-SU,90,GT
20,Totonicapán Department,GT-TO,15,GT
21,Zacapa Department,GT-ZA,69,GT
