,geoName,geoCode,Cameron Boyce,country_code
0,Azuay,EC-A,56,EC
1,Bolívar Province,EC-B,38,EC
2,Carchi Province,EC-C,40,EC
3,Cañar Province,EC-F,57,EC
4,Chimborazo Province,EC-H,34,EC
5,Cotopaxi Province,EC-X,23,EC
6,El Oro,EC-O,75,EC
7,Esmeraldas Province,EC-E,87,EC
8,Galápagos Islands,EC-W,41,EC
9,Guayas,EC-G,94,EC
10,Imbabura Province,EC-I,54,EC
11,Loja,EC-L,46,EC
12,Los Ríos Province,EC-R,65,EC
13,Manabí Province,EC-M,69,EC
14,Morona-Santiago Province,EC-S,30,EC
15,Orellana Province,EC-D,92,EC
16,Pichincha,EC-P,54,EC
17,Provincia de Napo,EC-N,51,EC
18,Santa Elena Province,EC-SE,100,EC
19,Santo Domingo de los Tsáchilas Province,EC-SD,92,EC
20,Sucumbíos Province,EC-U,22,EC
21,Tungurahua,EC-T,44,EC
22,Zamora-Chinchipe Province,EC-Z,74,EC
