,geoName,geoCode,Cameron Boyce,country_code
0,Autonomous City of Buenos Aires,AR-C,43,AR
1,Buenos Aires Province,AR-B,68,AR
2,Catamarca Province,AR-K,80,AR
3,Chaco Province,AR-H,83,AR
4,Chubut Province,AR-U,71,AR
5,Cordoba,AR-X,60,AR
6,Corrientes Province,AR-W,80,AR
7,Entre Rios,AR-E,62,AR
8,Formosa Province,AR-P,69,AR
9,Jujuy,AR-Y,72,AR
10,La Pampa Province,AR-L,47,AR
11,La Rioja Province,AR-F,71,AR
12,Mendoza Province,AR-M,63,AR
13,Misiones Province,AR-N,73,AR
14,Neuquen,AR-Q,46,AR
15,Río Negro,AR-R,57,AR
16,Salta Province,AR-A,79,AR
17,San Juan Province,AR-J,63,AR
18,San Luis Province,AR-D,60,AR
19,Santa Cruz Province,AR-Z,64,AR
20,Santa Fe Province,AR-S,52,AR
21,Santiago del Estero Province,AR-G,57,AR
22,Tierra del Fuego Province,AR-V,100,AR
23,Tucumán,AR-T,65,AR
