,geoName,geoCode,Cameron Boyce,country_code
0,Azua Province,DO-02,13,DO
1,Baoruco Province,DO-03,30,DO
2,Barahona Province,DO-04,27,DO
3,Dajabón Province,DO-05,29,DO
4,Distrito Nacional,DO-01,32,DO
5,Duarte Province,DO-06,36,DO
6,El Seibo Province,DO-08,68,DO
7,Espaillat Province,DO-09,30,DO
8,Hato Mayor Province,DO-30,93,DO
9,Hermanas Mirabal Province,DO-19,100,DO
10,La Altagracia Province,DO-11,50,DO
11,La Romana Province,DO-12,48,DO
12,La Vega Province,DO-13,35,DO
13,María Trinidad Sánchez Province,DO-14,52,DO
14,Monseñor Nouel Province,DO-28,53,DO
15,Monte Plata Province,DO-29,48,DO
16,Peravia Province,DO-17,26,DO
17,Puerto Plata Province,DO-18,48,DO
18,Samaná Province,DO-20,29,DO
19,San Cristóbal Province,DO-21,48,DO
20,San José de Ocoa Province,DO-31,88,DO
21,San Juan Province,DO-22,21,DO
22,San Pedro de Macorís Province,DO-23,29,DO
23,Santiago Province,DO-25,36,DO
24,Santiago Rodríguez Province,DO-26,74,DO
25,Santo Domingo Province,DO-32,70,DO
26,Sánchez Ramírez Province,DO-24,80,DO
27,Valverde Province,DO-27,51,DO
