,geoName,geoCode,Cameron Boyce,country_code
0,Antofagasta Region,CL-AN,100,CL
1,Araucania,CL-AR,56,CL
2,Atacama Region,CL-AT,61,CL
3,Bío Bío Region,CL-BI,77,CL
4,Coquimbo Region,CL-CO,76,CL
5,Los Lagos Region,CL-LL,59,CL
6,Los Ríos Region,CL-LR,81,CL
7,Magallanes y la Antártica Chilena Region,CL-MA,82,CL
8,Maule Region,CL-ML,68,CL
9,O'Higgins Region,CL-LI,80,CL
10,Santiago Metropolitan Region,CL-RM,67,CL
11,Tarapacá Region,CL-TA,80,CL
12,Valparaiso Region,CL-VS,88,CL
13,XI Región,CL-AI,60,CL
