,geoName,geoCode,Cameron Boyce,country_code
0,Alsace,FR-A,85,FR
1,Aquitaine,FR-B,89,FR
2,Auvergne,FR-C,88,FR
3,Brittany,FR-E,86,FR
4,Burgundy,FR-D,77,FR
5,Centre-Val de Loire,FR-F,93,FR
6,Champagne-Ardenne,FR-G,84,FR
7,Corsica,FR-H,100,FR
8,Franche-Comté,FR-I,86,FR
9,Languedoc-Roussillon,FR-K,86,FR
10,Limousin,FR-L,54,FR
11,Lorraine,FR-M,93,FR
12,Lower Normandy,FR-P,68,FR
13,Midi-Pyrénées,FR-N,76,FR
14,Nord-Pas-de-Calais,FR-O,94,FR
15,Pays de la Loire,FR-R,70,FR
16,Picardy,FR-S,99,FR
17,Poitou-Charentes,FR-T,67,FR
18,Provence-Alpes-Côte d'Azur,FR-U,86,FR
19,Rhone-Alpes,FR-V,86,FR
20,Upper Normandy,FR-Q,88,FR
21,Île-de-France,FR-J,86,FR
