,geoName,geoCode,Cameron Boyce,country_code
0,Amazonas Department,CO-AMA,80,CO
1,Antioquia,CO-ANT,40,CO
2,Arauca,CO-ARA,100,CO
3,Atlantico,CO-ATL,64,CO
4,Bogota,CO-DC,39,CO
5,Bolivar,CO-BOL,45,CO
6,Boyaca,CO-BOY,48,CO
7,Caldas,CO-CAL,45,CO
8,Caquetá,CO-CAQ,31,CO
9,Casanare,CO-CAS,52,CO
10,Cauca Department,CO-CAU,39,CO
11,Cesar,CO-CES,56,CO
12,Choco,CO-CHO,25,CO
13,Cordoba,CO-COR,43,CO
14,Cundinamarca,CO-CUN,47,CO
15,Guaviare,CO-GUV,25,CO
16,Huila,CO-HUI,52,CO
17,La Guajira,CO-LAG,56,CO
18,Magdalena,CO-MAG,65,CO
19,Meta,CO-MET,44,CO
20,Narino,CO-NAR,37,CO
21,North Santander,CO-NSA,56,CO
22,Putumayo,CO-PUT,73,CO
23,Quindio,CO-QUI,46,CO
24,Risaralda,CO-RIS,49,CO
25,San Andrés and Providencia,CO-SAP,39,CO
26,Santander Department,CO-SAN,51,CO
27,Sucre,CO-SUC,40,CO
28,Tolima,CO-TOL,51,CO
29,Valle del Cauca,CO-VAC,55,CO
