,geoName,geoCode,Cameron Boyce,country_code
0,Blagoevgrad Province,BG-01,100,BG
1,Burgas,BG-02,56,BG
2,Dobrich Province,BG-08,41,BG
3,Gabrovo,BG-07,48,BG
4,Haskovo Province,BG-26,66,BG
5,Jambol,BG-28,43,BG
6,Kardzhali Province,BG-09,48,BG
7,Kyustendil Province,BG-10,20,BG
8,Lovec,BG-11,20,BG
9,Montana Province,BG-12,66,BG
10,Pazardzik,BG-13,38,BG
11,Pernik,BG-14,25,BG
12,Pleven Province,BG-15,55,BG
13,Plovdiv Province,BG-16,34,BG
14,Razgrad,BG-17,23,BG
15,Ruse,BG-18,51,BG
16,Shumen Province,BG-27,44,BG
17,Silistra,BG-19,14,BG
18,Sliven Province,BG-20,30,BG
19,Smoljan,BG-21,59,BG
20,Sofia City Province,BG-22,28,BG
21,Sofia Province,BG-23,53,BG
22,Stara Zagora,BG-24,40,BG
23,Targovishte Province,BG-25,40,BG
24,Varna,BG-03,45,BG
25,Veliko Tarnovo Province,BG-04,53,BG
26,Vidin,BG-05,17,BG
27,Vraca,BG-06,51,BG
