,geoName,geoCode,India vs South Africa,country_code
0,Alabama,US-AL,9,US
1,Alaska,US-AK,10,US
2,Arizona,US-AZ,21,US
3,Arkansas,US-AR,27,US
4,California,US-CA,48,US
5,Colorado,US-CO,15,US
6,Connecticut,US-CT,46,US
7,Delaware,US-DE,66,US
8,District of Columbia,US-DC,8,US
9,Florida,US-FL,20,US
10,Georgia,US-GA,38,US
11,Hawaii,US-HI,4,US
12,Illinois,US-IL,44,US
13,Indiana,US-IN,28,US
14,Iowa,US-IA,20,US
15,Kansas,US-KS,17,US
16,Kentucky,US-KY,9,US
17,Louisiana,US-LA,16,US
18,Maine,US-ME,9,US
19,Maryland,US-MD,35,US
20,Massachusetts,US-MA,47,US
21,Michigan,US-MI,30,US
22,Minnesota,US-MN,17,US
23,Mississippi,US-MS,16,US
24,Missouri,US-MO,16,US
25,Nebraska,US-NE,11,US
26,Nevada,US-NV,9,US
27,New Hampshire,US-NH,25,US
28,New Jersey,US-NJ,100,US
29,New Mexico,US-NM,15,US
30,New York,US-NY,42,US
31,North Carolina,US-NC,29,US
32,Ohio,US-OH,18,US
33,Oklahoma,US-OK,14,US
34,Oregon,US-OR,24,US
35,Pennsylvania,US-PA,33,US
36,Rhode Island,US-RI,19,US
37,South Carolina,US-SC,15,US
38,Tennessee,US-TN,11,US
39,Texas,US-TX,40,US
40,Utah,US-UT,12,US
41,Vermont,US-VT,29,US
42,Virginia,US-VA,33,US
43,Washington,US-WA,60,US
44,Wisconsin,US-WI,14,US
