,geoName,geoCode,India vs South Africa,country_code
0,Andaman and Nicobar Islands,IN-AN,54,IN
1,Andhra Pradesh,IN-AP,66,IN
2,Arunachal Pradesh,IN-AR,58,IN
3,Assam,IN-AS,36,IN
4,Bihar,IN-BR,36,IN
5,Chandigarh,IN-CH,18,IN
6,Chhattisgarh,IN-CT,72,IN
7,Dadra and Nagar Haveli,IN-DN,99,IN
8,Daman and Diu,IN-DD,81,IN
9,Delhi,IN-DL,37,IN
10,Goa,IN-GA,87,IN
11,Gujarat,IN-GJ,49,IN
12,Haryana,IN-HR,47,IN
13,Himachal Pradesh,IN-HP,54,IN
14,Jammu and Kashmir,IN-JK,14,IN
15,Jharkhand,IN-JH,70,IN
16,Karnataka,IN-KA,41,IN
17,Kerala,IN-KL,46,IN
18,Madhya Pradesh,IN-MP,27,IN
19,Maharashtra,IN-MH,45,IN
20,Manipur,IN-MN,16,IN
21,Meghalaya,IN-ML,53,IN
22,Mizoram,IN-MZ,11,IN
23,Nagaland,IN-NL,37,IN
24,Odisha,IN-OR,64,IN
25,Puducherry,IN-PY,53,IN
26,Punjab,IN-PB,45,IN
27,Rajasthan,IN-RJ,35,IN
28,Sikkim,IN-SK,54,IN
29,Tamil Nadu,IN-TN,38,IN
30,Telangana,IN-TG,35,IN
31,Tripura,IN-TR,100,IN
32,Uttar Pradesh,IN-UP,38,IN
33,Uttarakhand,IN-UT,74,IN
34,West Bengal,IN-WB,51,IN
